{
    "name": "root",
    "gauges": {
        "CarBehavior.Policy.Entropy.mean": {
            "value": -0.21479561924934387,
            "min": -0.36526814103126526,
            "max": 1.3720427751541138,
            "count": 500
        },
        "CarBehavior.Policy.Entropy.sum": {
            "value": -21401.376953125,
            "min": -36597.5390625,
            "max": 141590.703125,
            "count": 500
        },
        "CarBehavior.Step.mean": {
            "value": 49999823.0,
            "min": 99902.0,
            "max": 49999823.0,
            "count": 500
        },
        "CarBehavior.Step.sum": {
            "value": 49999823.0,
            "min": 99902.0,
            "max": 49999823.0,
            "count": 500
        },
        "CarBehavior.Policy.ExtrinsicValueEstimate.mean": {
            "value": 19.886245727539062,
            "min": -1.321062445640564,
            "max": 20.53459930419922,
            "count": 500
        },
        "CarBehavior.Policy.ExtrinsicValueEstimate.sum": {
            "value": 7815.294921875,
            "min": -587.872802734375,
            "max": 8295.5634765625,
            "count": 500
        },
        "CarBehavior.Policy.GailValueEstimate.mean": {
            "value": 3.452176094055176,
            "min": 2.920253276824951,
            "max": 10.88097095489502,
            "count": 500
        },
        "CarBehavior.Policy.GailValueEstimate.sum": {
            "value": 1356.7052001953125,
            "min": 1133.0582275390625,
            "max": 4482.9599609375,
            "count": 500
        },
        "CarBehavior.Losses.PolicyLoss.mean": {
            "value": 0.02271120487242641,
            "min": 0.02027233003494889,
            "max": 0.02516528753832338,
            "count": 500
        },
        "CarBehavior.Losses.PolicyLoss.sum": {
            "value": 0.4315128925761018,
            "min": 0.3716394388410845,
            "max": 0.47814046322814424,
            "count": 500
        },
        "CarBehavior.Losses.ValueLoss.mean": {
            "value": 0.6188278965024572,
            "min": 0.38412849256866854,
            "max": 14.954394115648773,
            "count": 500
        },
        "CarBehavior.Losses.ValueLoss.sum": {
            "value": 11.757730033546686,
            "min": 7.298441358804703,
            "max": 284.1334881973267,
            "count": 500
        },
        "CarBehavior.Policy.LearningRate.mean": {
            "value": 3.442976384998937e-07,
            "min": 3.442976384998937e-07,
            "max": 0.0003496310005498729,
            "count": 500
        },
        "CarBehavior.Policy.LearningRate.sum": {
            "value": 6.54165513149798e-06,
            "min": 6.54165513149798e-06,
            "max": 0.006838944032016005,
            "count": 500
        },
        "CarBehavior.Policy.Epsilon.mean": {
            "value": 0.10019668442105263,
            "min": 0.10019668442105263,
            "max": 0.2997891431111111,
            "count": 500
        },
        "CarBehavior.Policy.Epsilon.sum": {
            "value": 1.9037370040000001,
            "min": 1.9037370040000001,
            "max": 5.907967992000001,
            "count": 500
        },
        "CarBehavior.Policy.Beta.mean": {
            "value": 1.2448721042105256e-05,
            "min": 1.2448721042105256e-05,
            "max": 0.0024973748317333334,
            "count": 500
        },
        "CarBehavior.Policy.Beta.sum": {
            "value": 0.00023652569979999987,
            "min": 0.00023652569979999987,
            "max": 0.048854201500400006,
            "count": 500
        },
        "CarBehavior.Policy.GAILPolicyEstimate.mean": {
            "value": 0.08219966635107995,
            "min": 0.07238742005668189,
            "max": 0.3467965239065665,
            "count": 500
        },
        "CarBehavior.Policy.GAILPolicyEstimate.sum": {
            "value": 1.561793660670519,
            "min": 1.3753609810769558,
            "max": 6.242337430318197,
            "count": 500
        },
        "CarBehavior.Policy.GAILExpertEstimate.mean": {
            "value": 0.9155356259095043,
            "min": 0.6633685443577942,
            "max": 0.922601839617679,
            "count": 500
        },
        "CarBehavior.Policy.GAILExpertEstimate.sum": {
            "value": 17.39517689228058,
            "min": 11.940633798440297,
            "max": 18.18237719297409,
            "count": 500
        },
        "CarBehavior.Losses.GAILLoss.mean": {
            "value": 0.24106684223601688,
            "min": 0.21211651836570938,
            "max": 0.9394938077750028,
            "count": 500
        },
        "CarBehavior.Losses.GAILLoss.sum": {
            "value": 4.580270002484321,
            "min": 4.0302138489484785,
            "max": 16.91088853995005,
            "count": 500
        },
        "CarBehavior.Policy.GAILGradMagLoss.mean": {
            "value": 0.03074999297723958,
            "min": 0.028385361419304426,
            "max": 1.442898499038484,
            "count": 500
        },
        "CarBehavior.Policy.GAILGradMagLoss.sum": {
            "value": 0.5842498665675521,
            "min": 0.5393218669667841,
            "max": 25.972172982692715,
            "count": 500
        },
        "CarBehavior.Losses.PretrainingLoss.mean": {
            "value": 0.0,
            "min": 0.0,
            "max": 1.0584617740026228,
            "count": 500
        },
        "CarBehavior.Losses.PretrainingLoss.sum": {
            "value": 0.0,
            "min": 0.0,
            "max": 19.05231193204721,
            "count": 500
        },
        "CarBehavior.Environment.EpisodeLength.mean": {
            "value": 3700.84375,
            "min": 448.81742738589213,
            "max": 3881.9565217391305,
            "count": 500
        },
        "CarBehavior.Environment.EpisodeLength.sum": {
            "value": 118427.0,
            "min": 77498.0,
            "max": 126783.0,
            "count": 500
        },
        "CarBehavior.Environment.CumulativeReward.mean": {
            "value": 3768.664591014385,
            "min": -48.442584813198195,
            "max": 3989.280768218248,
            "count": 500
        },
        "CarBehavior.Environment.CumulativeReward.sum": {
            "value": 120597.26691246033,
            "min": -5334.0,
            "max": 123961.6146504879,
            "count": 500
        },
        "CarBehavior.Policy.ExtrinsicReward.mean": {
            "value": 3730.9779879897833,
            "min": -47.95815898324842,
            "max": 3949.3880098799,
            "count": 500
        },
        "CarBehavior.Policy.ExtrinsicReward.sum": {
            "value": 119391.29561567307,
            "min": -5280.660000801086,
            "max": 122721.99964094162,
            "count": 500
        },
        "CarBehavior.Policy.GailReward.mean": {
            "value": 161.75658388747252,
            "min": 51.027569799373545,
            "max": 212.54973487220704,
            "count": 500
        },
        "CarBehavior.Policy.GailReward.sum": {
            "value": 5176.2106843991205,
            "min": 3526.6316133365035,
            "max": 15440.8219769001,
            "count": 500
        },
        "CarBehavior.IsTraining.mean": {
            "value": 1.0,
            "min": 1.0,
            "max": 1.0,
            "count": 500
        },
        "CarBehavior.IsTraining.sum": {
            "value": 1.0,
            "min": 1.0,
            "max": 1.0,
            "count": 500
        }
    },
    "metadata": {
        "timer_format_version": "0.1.0",
        "start_time_seconds": "1714636620",
        "python_version": "3.10.12 | packaged by conda-forge | (main, Jun 23 2023, 22:39:40) [Clang 15.0.7 ]",
        "command_line_arguments": "/Users/daniela/anaconda3/envs/mlagents/bin/mlagents-learn training_settings.yaml --run-id=test10Par",
        "mlagents_version": "1.0.0",
        "mlagents_envs_version": "1.0.0",